,glo,hr,inso,q_med,p_mes,p_sol,tm_mes
413,86709.0,51.0,12.8,1011.7,0.0,88.0,26.3
342,32580.0,74.0,7.6,1010.9,32.1,70.0,11.3
1260,49648.0,72.0,7.9,1010.7,186.9,63.0,24.4
11,68298.0,75.0,9.4,1011.5,24.0,67.0,21.5
596,85056.0,,,,0.0,,
477,74440.0,58.0,10.8,912.1,51.0,71.0,19.4
803,56421.0,78.0,6.8,978.1,51.8,46.0,19.9
65,41400.0,65.0,,942.1,32.5,,17.7
976,14836.0,81.0,3.0,985.0,322.2,30.0,13.1
71,64175.0,59.0,,938.1,31.3,,14.3
992,17035.0,72.0,3.7,990.0,105.9,39.0,10.6
1107,20712.0,76.0,5.4,901.6,7.4,58.0,5.4
814,53904.0,79.0,5.2,979.7,29.0,34.0,19.5
1011,52997.0,82.0,6.9,987.2,150.9,49.0,20.8
1365,,58.0,6.9,984.0,41.6,61.0,20.2
370,42624.0,64.0,5.2,933.5,120.6,44.0,12.3
1307,66133.0,51.0,9.5,1009.7,8.2,72.0,16.9
360,76160.0,47.0,10.3,936.1,34.0,70.0,23.1
331,37276.0,74.0,7.3,1001.6,213.1,61.0,13.9
1403,,68.0,5.9,986.4,21.8,60.0,12.1
1100,72968.0,53.0,9.0,894.9,49.4,62.0,13.6
603,31312.0,,,,21.1,,
92,32739.0,71.0,6.6,1017.7,2.8,65.0,19.2
143,,63.0,,,19.8,,21.8
1244,95527.0,27.0,12.8,955.6,2.8,87.0,28.2
535,23029.0,77.0,5.3,996.1,3.1,55.0,6.9
1087,57230.0,83.0,7.6,1010.9,46.8,51.0,15.2
1250,23544.0,58.0,6.3,1015.5,7.4,67.0,12.6
290,35360.0,72.0,6.9,947.8,46.2,64.0,10.2
1288,31334.0,55.0,7.9,1008.3,0.8,79.0,17.3
745,30648.0,65.0,5.4,1017.1,10.6,50.0,11.0
1062,60083.0,82.0,7.4,1011.3,33.5,50.0,20.6
1348,77620.0,54.0,9.0,930.9,86.2,60.0,19.8
154,,43.0,,,0.8,,28.8
1114,76010.0,52.0,9.3,893.7,60.8,61.0,17.8
157,40028.0,77.0,,,28.2,,21.3
635,,52.0,,1008.6,0.0,,28.3
650,,66.0,,1010.7,33.6,,23.1
658,,50.0,,1010.3,4.6,,26.3
155,,78.0,,,86.2,,13.3
996,52116.0,81.0,6.4,985.4,144.1,43.0,13.8
1150,60879.0,59.0,8.2,1012.3,30.8,68.0,20.3
249,28648.0,78.0,,1024.9,30.6,,14.4
458,51079.0,28.0,9.5,771.7,9.8,90.0,7.9
306,79104.0,49.0,10.3,943.7,45.2,72.0,19.3
332,61363.0,63.0,11.0,1006.0,24.6,84.0,17.0
461,,44.0,11.3,766.2,24.4,88.0,7.9
668,46101.0,63.0,,,12.4,,18.0
435,79449.0,26.0,11.5,771.3,0.0,95.0,11.1
780,,,,,,,
717,29613.0,71.0,,1021.6,7.2,,13.0
775,83196.0,45.0,11.8,1007.2,9.2,81.0,29.7
1350,76549.0,43.0,10.6,931.8,13.8,77.0,25.1
571,46197.0,69.0,7.2,974.2,90.7,58.0,18.0
671,80222.0,60.0,,,0.0,,22.9
953,22720.0,84.0,4.3,930.2,56.0,44.0,6.4
1144,55624.0,66.0,8.5,1013.0,20.8,74.0,23.7
687,78515.0,69.0,,,0.0,,25.7
365,31907.0,72.0,6.3,941.1,65.0,62.0,14.0
785,26378.0,73.0,5.8,985.8,54.6,56.0,7.9
980,23761.0,68.0,5.5,995.1,68.7,52.0,8.7
1013,18633.0,70.0,3.5,984.8,223.6,36.0,12.7
44,29845.0,69.0,,944.7,4.2,,6.4
34,70791.0,75.0,8.6,1011.5,25.0,56.0,19.9
270,63183.0,71.0,,1016.0,1.2,,24.0
1140,76029.0,63.0,9.8,1011.1,4.8,71.0,24.8
152,,42.0,,,0.0,,27.8
346,,35.0,13.0,1004.9,0.8,88.0,27.8
1266,33561.0,60.0,7.0,1011.8,25.6,66.0,14.3
1208,26220.0,70.0,5.8,914.0,22.8,58.0,8.0
4,17949.0,76.0,3.9,1016.6,157.0,42.0,11.3
647,,59.0,,1006.9,0.4,,28.6
701,45731.0,65.0,,,28.8,,22.1
1217,,48.0,10.2,954.6,30.0,68.0,24.6
470,17256.0,88.0,3.4,917.7,26.7,37.0,3.9
955,46083.0,73.0,6.7,919.3,63.9,56.0,8.8
863,32625.0,60.0,7.4,960.3,15.0,71.0,7.1
840,82632.0,66.0,10.8,1013.6,11.6,75.0,20.5
350,29261.0,76.0,7.5,1007.5,153.9,74.0,13.0
542,68328.0,47.0,11.0,991.7,23.4,79.0,27.2
356,33800.0,54.0,6.3,941.5,5.5,58.0,8.6
1340,25261.0,78.0,3.8,936.3,23.0,38.0,11.5
760,27119.0,56.0,5.4,1015.3,10.4,55.0,14.1
6,40695.0,71.0,6.4,1008.9,51.7,54.0,14.0
112,81896.0,58.0,10.6,1014.1,0.0,72.0,27.2
741,46547.0,57.0,8.4,1008.2,4.6,74.0,22.5
694,68500.0,64.0,,,9.6,,19.4
1347,76555.0,60.0,8.4,930.8,35.6,57.0,14.7
942,54404.0,66.0,8.4,926.7,28.9,70.0,9.2
1131,56995.0,56.0,9.1,1011.4,6.0,79.0,26.4
811,52643.0,74.0,6.2,973.3,71.0,46.0,13.8
1127,85551.0,47.0,11.1,896.4,27.4,75.0,21.4
253,45104.0,75.0,,1012.8,99.6,,16.4
756,26740.0,58.0,6.7,1018.6,19.4,70.0,13.2
610,54426.0,,,,6.2,,
742,35149.0,50.0,8.3,1009.8,0.0,82.0,18.0
799,40049.0,71.0,5.5,969.2,87.8,46.0,11.1
74,87799.0,47.0,11.5,940.1,3.0,79.0,27.1
75,75520.0,46.0,,940.4,26.8,,27.4
1202,62279.0,63.0,8.5,911.4,32.2,64.0,12.4
235,35193.0,75.0,,1019.4,29.0,,17.7
13,27630.0,81.0,4.9,1006.7,213.9,45.0,17.9
590,56727.0,,,,,,
872,22430.0,77.0,4.6,956.9,44.2,47.0,12.2
333,86313.0,42.0,12.9,1003.2,0.3,90.0,20.5
503,82938.0,42.0,12.8,914.3,1.1,86.0,20.7
986,52181.0,83.0,6.3,988.0,129.1,45.0,20.3
1262,20680.0,79.0,5.2,1015.5,91.4,53.0,15.6
1124,56330.0,70.0,7.1,891.4,59.6,53.0,11.3
693,50112.0,63.0,,,1.4,,18.8
1333,70065.0,45.0,10.1,932.1,4.6,76.0,14.4
420,36064.0,79.0,7.4,1019.4,40.0,68.0,13.0
615,35103.0,,,,29.5,,
1399,,43.0,11.6,987.2,21.2,76.0,27.6
1312,51096.0,61.0,7.8,1007.2,39.9,63.0,23.8
661,,57.0,,1010.0,1.8,,25.0
541,83161.0,47.0,11.9,992.1,15.7,80.0,26.5
305,39516.0,74.0,4.5,938.9,112.8,37.0,10.8
443,44403.0,46.0,7.6,769.9,3.4,71.0,9.7
403,37337.0,78.0,6.5,1013.7,156.6,58.0,20.1
265,51587.0,78.0,,1011.2,212.2,,15.9
564,27863.0,72.0,5.5,976.5,52.4,53.0,9.8
2,14628.0,77.0,3.0,1015.6,154.8,34.0,12.3
7,56159.0,73.0,7.9,1010.2,33.4,59.0,15.3
347,,34.0,13.5,1002.8,0.0,93.0,28.8
1211,,82.0,5.3,963.6,9.8,57.0,7.4
421,47201.0,78.0,7.1,1008.4,264.8,59.0,14.2
716,28950.0,80.0,,1015.6,81.5,,17.3
899,20031.0,65.0,4.3,815.6,61.4,46.0,3.7
240,59418.0,72.0,,1019.0,20.0,,16.8
641,,66.0,,1017.4,28.6,,14.7
31,43029.0,69.0,6.6,1003.8,73.4,55.0,12.5
1356,25721.0,80.0,4.3,935.8,35.4,41.0,7.5
489,71211.0,60.0,9.1,910.7,58.2,62.0,11.9
551,27578.0,67.0,6.6,982.9,20.5,63.0,5.5
909,44872.0,76.0,6.4,815.0,212.0,52.0,13.3
926,16882.0,81.0,3.0,812.1,184.4,32.0,0.9
554,65110.0,51.0,7.9,975.7,40.3,54.0,17.1
853,85890.0,64.0,,1016.9,0.5,,27.0
1387,,45.0,10.8,983.8,34.4,72.0,23.4
395,36532.0,64.0,7.6,1019.6,30.6,70.0,12.4
1234,61568.0,42.0,9.9,955.4,24.8,79.0,21.7
488,61197.0,58.0,8.6,912.6,42.9,64.0,10.5
285,33521.0,75.0,5.7,944.3,135.2,51.0,16.7
324,51780.0,52.0,10.8,1004.3,33.5,87.0,24.2
29,17213.0,75.0,3.7,1009.7,259.8,39.0,12.4
374,89941.0,29.0,12.7,936.6,0.0,88.0,28.1
830,76092.0,65.0,10.9,1014.2,55.6,79.0,27.7
52,39920.0,66.0,,940.3,41.8,,17.3
355,30895.0,68.0,6.2,942.7,14.5,62.0,7.3
118,,84.0,,,51.0,,14.1
947,76528.0,45.0,12.6,927.2,0.0,91.0,22.2
61,90983.0,42.0,12.5,939.6,0.0,86.0,27.7
624,,65.0,,1010.2,39.0,,21.7
238,33530.0,75.0,,1023.9,57.8,,13.4
134,,87.0,,,140.4,,11.1
657,,49.0,,1009.0,6.4,,21.4
583,53767.0,59.0,8.4,976.4,3.4,67.0,19.3
1378,,75.0,4.8,985.8,92.4,42.0,17.1
80,29548.0,69.0,6.2,1020.4,3.3,64.0,13.9
703,33354.0,77.0,,1015.4,50.5,,16.3
869,76148.0,47.0,11.1,954.5,0.2,80.0,23.6
588,21361.0,,,,19.6,,
586,34917.0,,,,145.8,,
1083,38395.0,77.0,4.9,1013.6,52.0,47.0,12.4
1146,36030.0,61.0,,1018.0,28.4,,20.6
644,,58.0,,1011.2,22.4,,18.3
656,,61.0,,1010.7,39.2,,18.3
1397,,63.0,9.1,983.9,55.2,68.0,15.6
1182,52598.0,60.0,8.5,915.3,25.0,69.0,20.2
362,82312.0,27.0,11.9,937.8,0.2,88.0,28.2
597,50297.0,,,,169.6,,
1117,52386.0,64.0,7.6,894.5,74.6,61.0,15.4
352,33809.0,63.0,7.1,940.0,1.2,70.0,12.3
1309,77550.0,58.0,10.4,1006.7,26.9,69.0,23.9
969,77711.0,61.0,10.3,925.5,53.7,71.0,14.8
616,58067.0,,,,102.0,,
795,15064.0,84.0,2.8,987.4,112.8,31.0,9.0
1206,65811.0,46.0,10.2,915.5,8.0,74.0,24.4
750,71137.0,59.0,8.8,1007.8,89.2,62.0,21.1
637,,61.0,,1009.6,11.8,,24.6
68,26240.0,68.0,,944.1,7.6,,7.6
839,62001.0,62.0,8.5,1016.6,33.1,64.0,17.4
102,77483.0,63.0,10.8,1010.2,1.0,80.0,29.3
1004,,69.0,2.9,987.2,122.2,31.0,10.1
481,30892.0,78.0,5.0,911.4,118.6,46.0,12.9
391,27126.0,79.0,6.6,1022.1,10.6,69.0,12.3
1129,55001.0,53.0,8.5,897.0,13.8,68.0,17.4
312,34984.0,,7.7,1004.9,86.1,68.0,21.2
515,72444.0,47.0,10.4,991.8,7.4,72.0,19.3
572,38809.0,67.0,7.1,975.7,5.6,64.0,15.2
400,88173.0,43.0,13.1,1012.8,0.0,91.0,27.4
517,68823.0,54.0,8.9,991.1,47.0,59.0,24.2
638,,77.0,,1014.4,154.6,,18.6
973,59652.0,57.0,10.1,928.4,3.0,81.0,17.0
1352,39438.0,61.0,6.6,933.9,30.0,59.0,15.8
724,84374.0,70.0,,1009.8,17.1,,20.9
842,83883.0,64.0,11.7,1013.8,0.6,80.0,27.4
203,78356.0,48.0,10.9,968.4,78.4,73.0,24.4
747,55902.0,45.0,9.8,1010.3,4.0,82.0,17.5
595,80953.0,,,,0.0,,
123,,65.0,,,20.2,,14.3
412,88417.0,55.0,12.4,1012.7,0.0,87.0,19.9
267,86963.0,66.0,,1015.1,13.8,,21.1
824,32349.0,71.0,5.9,1023.5,107.6,56.0,11.7
733,50483.0,80.0,,1007.6,201.4,,14.2
691,43917.0,61.0,,,8.0,,18.9
228,79628.0,54.0,10.9,970.1,57.6,75.0,18.6
1255,65196.0,51.0,10.0,1009.3,5.8,76.0,18.7
941,33898.0,66.0,7.6,931.4,3.5,72.0,4.3
291,24778.0,83.0,5.1,949.9,56.2,52.0,8.8
1310,82239.0,59.0,11.5,1007.1,11.0,79.0,27.3
754,40892.0,58.0,7.2,1008.1,35.8,64.0,22.0
377,46529.0,59.0,8.2,939.0,15.4,72.0,19.1
888,22609.0,78.0,3.6,956.7,38.0,34.0,8.2
1257,69395.0,60.0,8.7,1008.5,50.6,58.0,25.4
1280,56915.0,65.0,7.8,1008.6,35.4,58.0,17.4
204,71801.0,46.0,9.9,970.2,40.6,70.0,18.9
153,,50.0,,,14.0,,23.5
1383,,70.0,6.1,988.2,28.8,57.0,10.9
821,25477.0,69.0,6.2,1020.5,3.4,66.0,15.2
736,79565.0,64.0,,1012.2,0.0,,23.7
89,73296.0,62.0,11.5,1011.9,0.0,85.0,28.5
1066,,76.0,4.9,1013.3,102.6,51.0,15.7
923,37275.0,70.0,5.8,814.9,101.4,52.0,10.4
1252,,55.0,6.9,1014.8,6.4,72.0,10.9
33,67589.0,75.0,8.8,1010.4,59.8,60.0,16.1
1238,25064.0,72.0,5.0,960.5,46.0,52.0,8.5
525,,76.0,5.7,994.6,33.2,53.0,9.5
184,,69.0,,,3.9,,12.3
277,25986.0,76.0,5.1,949.8,19.8,52.0,6.4
343,,77.0,6.9,1000.9,299.4,57.0,13.1
890,55100.0,62.0,7.2,949.3,86.4,54.0,13.6
972,71358.0,48.0,10.7,926.4,32.8,78.0,23.2
386,82576.0,33.0,12.9,937.2,0.6,89.0,27.4
372,87154.0,40.0,11.8,935.6,4.7,83.0,18.4
318,,62.0,9.9,1008.2,31.8,83.0,14.9
1149,48361.0,61.0,8.1,1017.3,7.4,73.0,20.9
109,53202.0,67.0,6.9,1009.4,55.3,57.0,15.7
649,,58.0,,1008.3,12.4,,25.2
1220,80099.0,25.0,12.4,956.3,0.0,90.0,29.1
1367,,73.0,6.1,992.3,9.4,66.0,8.7
700,64768.0,62.0,,,0.0,,26.0
791,,77.0,6.0,979.7,43.6,43.0,20.4
907,89830.0,44.0,12.3,816.6,10.8,83.0,18.8
1361,85474.0,44.0,11.0,933.2,4.8,74.0,23.7
1010,58005.0,83.0,6.2,988.8,107.3,41.0,19.6
800,51573.0,67.0,6.7,978.1,61.8,50.0,13.0
73,78573.0,44.0,,942.3,6.6,,26.8
1332,49194.0,62.0,7.3,932.8,17.4,61.0,10.7
866,74205.0,51.0,9.7,954.2,26.6,66.0,16.4
662,,64.0,,1013.5,50.6,,16.8
1272,67312.0,56.0,9.7,1008.3,3.2,70.0,29.0
1289,25365.0,56.0,6.6,1014.5,3.3,70.0,12.3
336,79783.0,37.0,12.8,1001.2,0.1,94.0,29.5
283,,46.0,10.2,942.5,43.8,69.0,24.8
1160,47645.0,64.0,8.4,1018.1,16.4,75.0,19.1
1128,64679.0,43.0,9.6,896.5,10.0,69.0,23.0
348,73676.0,33.0,12.0,1002.6,0.1,88.0,29.3
617,35803.0,,,,255.5,,
246,61208.0,73.0,,1015.1,24.0,,23.7
531,66506.0,50.0,11.3,991.0,11.0,82.0,27.6
433,46863.0,63.0,7.7,770.7,8.4,73.0,3.0
263,39635.0,79.0,,1021.1,14.0,,15.0
945,75833.0,61.0,10.3,924.8,32.6,69.0,19.9
582,64773.0,51.0,9.3,974.2,2.8,67.0,24.3
828,77304.0,70.0,9.9,1013.7,2.8,66.0,24.9
341,22839.0,77.0,7.0,1011.9,121.2,71.0,9.9
898,19313.0,84.0,3.4,812.2,139.8,35.0,5.5
1110,29831.0,71.0,5.5,895.2,53.4,52.0,7.5
278,36000.0,59.0,7.7,949.6,0.6,72.0,7.8
883,51207.0,61.0,8.0,953.1,76.2,64.0,17.5
79,37075.0,73.0,8.1,1015.2,0.1,79.0,16.1
104,48249.0,72.0,8.0,1014.6,3.1,71.0,22.7
940,22960.0,83.0,5.0,931.2,38.4,52.0,3.7
37,48877.0,73.0,7.7,1012.1,82.4,61.0,18.6
895,50771.0,54.0,7.9,955.8,3.2,64.0,18.1
500,54447.0,63.0,8.4,909.0,58.7,62.0,10.9
497,18890.0,79.0,4.0,913.5,91.6,43.0,4.8
1204,73097.0,48.0,10.2,917.3,56.6,68.0,23.6
1076,,82.0,7.5,1010.5,36.0,50.0,20.1
792,45775.0,73.0,,976.5,67.0,,20.1
86,70354.0,65.0,9.0,1012.5,79.9,64.0,20.3
93,32131.0,64.0,7.1,1023.0,1.5,74.0,15.2
748,,43.0,10.8,1007.9,13.8,82.0,20.4
91,42804.0,71.0,6.7,1012.8,19.8,60.0,21.3
509,,81.0,5.3,998.7,4.1,57.0,6.7
858,30785.0,69.0,4.9,949.8,200.6,43.0,16.5
486,29410.0,76.0,6.2,913.9,42.7,59.0,7.0
685,76546.0,60.0,,,0.0,,22.9
1079,36151.0,80.0,6.5,1010.2,148.1,53.0,17.8
450,99977.0,25.0,13.0,769.7,0.0,96.0,12.1
1229,,51.0,10.4,957.0,4.2,78.0,15.5
707,37327.0,66.0,,1017.5,46.7,,12.3
753,55180.0,63.0,8.9,1008.5,59.0,72.0,25.5
116,35297.0,64.0,7.3,1014.6,18.0,71.0,17.7
1111,44423.0,70.0,6.3,887.5,92.2,52.0,8.1
1248,39273.0,69.0,7.0,1008.5,12.2,63.0,21.5
70,39408.0,71.0,,935.6,136.9,,10.0
313,28048.0,76.0,6.6,1008.8,48.6,65.0,14.4
831,52831.0,67.0,8.0,1015.7,67.6,64.0,25.4
266,66827.0,73.0,,1013.6,51.6,,18.4
248,30064.0,82.0,,1019.0,27.2,,18.8
162,53305.0,,,,,,
1311,70300.0,61.0,10.3,1006.7,1.1,75.0,27.9
415,60430.0,62.0,10.0,1012.4,0.0,81.0,23.0
131,,81.0,,,29.4,,15.4
937,22728.0,83.0,4.8,926.9,42.3,49.0,9.5
279,55331.0,49.0,9.1,946.0,3.0,76.0,13.7
1355,20103.0,81.0,3.4,934.6,79.2,35.0,6.4
10,75042.0,74.0,9.3,1011.4,21.8,62.0,20.4
501,63071.0,59.0,9.3,912.5,92.1,63.0,13.2
1061,62832.0,88.0,7.4,1009.0,43.9,48.0,19.8
434,,82.0,6.7,766.6,31.8,60.0,1.2
726,81586.0,74.0,,1009.0,0.2,,24.3
1092,37558.0,66.0,5.9,893.2,109.6,52.0,15.1
621,74370.0,,,,2.0,,
513,50826.0,54.0,10.0,992.7,0.4,84.0,13.7
1296,69637.0,58.0,9.7,1007.0,25.5,65.0,24.5
160,25395.0,,,,,,
558,46380.0,67.0,8.2,974.1,97.6,66.0,20.9
1299,50265.0,69.0,8.3,1009.0,163.0,68.0,23.8
600,24822.0,,,,19.0,,
197,21478.0,86.0,4.3,978.2,27.6,46.0,8.4
1357,37702.0,74.0,4.3,926.7,84.4,35.0,8.2
812,39826.0,71.0,4.9,972.0,,41.0,10.3
679,46748.0,56.0,,,0.2,,20.9
1398,,51.0,10.9,985.6,38.2,74.0,19.2
8,72262.0,71.0,9.0,1012.2,11.8,61.0,17.2
648,,48.0,,1007.8,7.0,,24.4
985,48890.0,84.0,5.4,987.9,61.7,36.0,19.7
398,80554.0,55.0,11.2,1012.8,19.0,79.0,21.2
366,29121.0,65.0,6.8,945.3,2.5,70.0,8.6
819,43270.0,70.0,7.1,1014.3,33.6,63.0,23.0
1012,40779.0,77.0,6.1,988.8,107.6,49.0,17.9
287,26792.0,80.0,5.9,948.5,18.2,59.0,12.8
1054,15762.0,81.0,3.2,1008.5,183.6,33.0,14.8
1082,18486.0,70.0,3.9,1010.6,75.4,42.0,11.9
904,69896.0,52.0,9.8,812.3,15.2,74.0,8.7
1170,39838.0,58.0,6.3,913.3,22.0,56.0,16.6
1277,23899.0,62.0,5.8,1013.5,1.2,61.0,11.5
585,25439.0,,,,66.9,,
962,40928.0,65.0,7.4,927.3,52.6,66.0,14.9
1369,,68.0,6.0,991.3,7.0,62.0,6.8
875,16205.0,85.0,2.8,957.6,66.4,30.0,6.8
1336,89317.0,39.0,10.9,932.7,2.4,74.0,24.0
490,74925.0,56.0,10.1,911.7,74.6,66.0,17.2
592,72609.0,,,,6.9,,
1161,57590.0,61.0,7.5,1012.3,25.0,62.0,19.5
254,73061.0,66.0,,1016.7,9.2,,18.6
1313,35409.0,71.0,7.0,1010.1,167.9,62.0,20.5
236,28657.0,80.0,,1023.6,12.0,,14.2
88,83349.0,69.0,11.0,1011.7,0.0,76.0,28.5
165,70371.0,82.0,,,5.9,,23.3
688,69310.0,67.0,,,0.0,,24.4
823,24378.0,68.0,5.4,1019.8,26.8,55.0,12.5
805,41157.0,79.0,4.9,977.7,89.2,40.0,16.3
149,,76.0,,,154.0,,13.2
911,20154.0,86.0,3.5,815.4,67.8,36.0,5.9
454,80608.0,27.0,11.8,771.1,0.0,96.0,15.6
781,16523.0,80.0,,976.6,129.2,,12.5
565,43472.0,67.0,7.0,967.6,23.4,59.0,11.0
1064,55108.0,81.0,7.6,1008.4,138.2,61.0,21.2
561,15295.0,84.0,2.9,984.5,54.1,31.0,7.4
987,44048.0,76.0,6.3,985.7,98.1,51.0,21.2
387,71583.0,30.0,11.3,937.5,1.7,83.0,27.5
430,47282.0,41.0,9.1,772.3,25.9,85.0,10.4
0,28536.0,75.0,4.7,1003.5,219.6,42.0,18.8
401,80707.0,40.0,12.2,1012.2,0.0,90.0,28.8
1328,15681.0,92.0,2.4,938.7,24.2,26.0,4.7
529,75590.0,48.0,11.0,990.4,20.3,73.0,23.5
906,60799.0,71.0,7.9,814.0,133.2,52.0,14.5
877,39650.0,70.0,5.4,945.6,114.9,44.0,10.2
192,70552.0,78.0,,,63.1,,25.7
502,71856.0,47.0,11.0,915.4,33.3,72.0,20.4
139,,54.0,,,23.2,,23.5
743,27846.0,52.0,6.9,1015.5,2.4,72.0,13.0
591,35370.0,,,,,,
100,85880.0,59.0,11.5,1010.8,0.2,79.0,24.4
1360,76438.0,49.0,8.9,934.6,38.2,59.0,23.4
202,76402.0,40.0,11.9,970.6,6.4,90.0,18.0
1125,69703.0,59.0,8.6,894.4,50.0,59.0,13.6
462,90191.0,39.0,12.6,769.2,7.8,93.0,10.3
280,67922.0,33.0,11.2,943.6,1.8,85.0,18.3
77,30570.0,67.0,,941.0,23.9,,10.3
147,,80.0,,,29.0,,11.5
334,72723.0,45.0,13.0,1002.6,3.6,88.0,24.2
959,90616.0,45.0,13.1,925.7,0.0,89.0,22.4
363,60027.0,50.0,9.1,937.4,12.4,74.0,22.3
1374,,52.0,9.6,984.5,73.4,64.0,24.3
556,78740.0,51.0,11.7,974.3,1.5,79.0,22.5
773,76774.0,49.0,10.4,1008.1,52.8,73.0,22.2
1112,65530.0,54.0,8.8,894.4,20.6,66.0,10.6
552,47131.0,60.0,7.3,974.1,4.8,61.0,10.9
376,60316.0,50.0,9.4,936.5,17.7,76.0,21.9
1165,77715.0,59.0,10.8,1011.6,1.6,82.0,26.7
182,37183.0,78.0,,,48.3,,20.0
32,52760.0,72.0,7.2,1005.4,120.4,54.0,15.7
576,27843.0,78.0,5.5,978.7,25.4,52.0,8.7
215,68271.0,59.0,10.1,971.3,26.6,76.0,15.6
737,89817.0,68.0,,,0.0,,23.9
1096,24755.0,72.0,5.9,896.8,61.4,62.0,3.9
189,79523.0,81.0,,,57.0,,18.7
914,19831.0,75.0,4.1,814.6,196.4,42.0,3.6
193,50154.0,80.0,,,162.2,,22.7
578,54581.0,70.0,7.4,971.7,58.7,55.0,13.6
1113,74393.0,54.0,8.8,892.6,27.8,60.0,13.2
816,45654.0,75.0,6.3,979.6,69.8,51.0,17.5
547,21986.0,77.0,4.8,973.7,54.8,49.0,10.3
82,36166.0,65.0,7.7,1019.9,5.5,78.0,13.1
1341,17745.0,87.0,2.1,941.8,6.0,23.0,5.0
655,,71.0,,1009.3,270.1,,15.4
260,46886.0,77.0,,1016.2,9.4,,23.0
239,38304.0,71.0,,1021.0,13.8,,14.1
1145,39262.0,60.0,6.7,1011.3,6.6,62.0,23.3
148,,73.0,,,92.0,,16.4
905,68887.0,65.0,7.9,812.5,78.6,55.0,8.7
852,58003.0,68.0,,1013.7,6.1,,18.1
1138,76855.0,56.0,10.6,1011.7,0.8,83.0,21.7
206,52742.0,56.0,8.5,970.4,50.4,69.0,22.1
46,72671.0,44.0,10.9,939.4,0.0,83.0,16.7
121,,81.0,,,34.0,,8.8
1077,56523.0,81.0,6.3,1010.7,54.5,46.0,21.0
633,,53.0,,1007.8,12.2,,24.7
755,28608.0,69.0,6.6,1013.5,12.0,65.0,18.2
1194,69594.0,50.0,9.8,914.1,58.6,72.0,24.7
1351,56612.0,55.0,9.1,932.0,11.6,73.0,17.8
539,78638.0,42.0,12.0,993.9,13.5,79.0,27.7
521,17586.0,88.0,3.2,998.2,24.2,32.0,12.0
26,33070.0,75.0,5.9,1009.8,84.6,53.0,17.3
1375,,47.0,11.8,985.3,37.2,80.0,26.8
789,57052.0,78.0,5.9,976.9,101.0,39.0,19.7
1188,,59.0,6.0,915.3,6.4,56.0,7.9
1192,72455.0,48.0,9.5,912.6,73.6,63.0,20.3
408,29079.0,81.0,6.3,1020.6,49.0,63.0,13.3
982,49621.0,81.0,6.6,987.2,95.4,49.0,12.6
1322,80170.0,56.0,11.2,1007.7,20.3,77.0,28.0
427,63302.0,49.0,10.6,1014.9,1.0,85.0,24.9
506,18068.0,82.0,3.9,911.4,96.9,40.0,7.1
294,69465.0,50.0,10.0,944.8,6.0,75.0,15.5
1274,37633.0,69.0,6.9,1011.6,214.6,62.0,20.2
258,78616.0,76.0,,1012.7,0.0,,26.2
494,37950.0,63.0,7.4,913.9,38.4,66.0,13.8
440,78080.0,24.0,11.5,774.6,11.4,88.0,19.6
975,31284.0,69.0,5.7,982.1,97.6,51.0,18.7
196,36221.0,61.0,5.9,969.4,173.6,52.0,19.8
20,61854.0,67.0,8.9,1010.1,99.6,66.0,14.7
820,30369.0,68.0,6.4,1014.7,9.2,64.0,18.0
1230,,41.0,11.9,954.5,10.2,82.0,18.8
663,58530.0,55.0,,,1.8,,27.0
69,36695.0,63.0,,944.1,11.1,,9.2
304,58288.0,62.0,8.7,941.8,55.4,65.0,15.0
1320,68798.0,55.0,10.1,1008.1,27.4,70.0,20.5
310,61325.0,36.0,10.3,946.1,3.4,82.0,22.9
1218,76219.0,43.0,9.8,955.9,71.2,68.0,19.1
774,82440.0,41.0,11.9,1009.7,5.3,81.0,28.7
410,71390.0,62.0,10.6,1014.7,10.8,80.0,18.1
1075,43421.0,80.0,7.6,1009.3,89.8,51.0,14.7
957,80078.0,58.0,10.3,924.4,19.9,71.0,13.6
1006,35805.0,71.0,4.4,982.3,111.5,37.0,10.8
1215,54413.0,51.0,9.5,958.0,3.8,79.0,13.6
901,17238.0,82.0,3.4,813.2,187.3,36.0,-0.7
609,75206.0,,,,21.3,,
1067,20986.0,82.0,5.0,1007.7,196.8,46.0,17.7
766,53677.0,55.0,8.7,1006.9,16.6,70.0,25.7
1091,17110.0,65.0,3.1,1008.2,156.2,32.0,14.8
508,38587.0,66.0,7.4,991.0,18.9,66.0,19.7
438,92512.0,37.0,12.4,770.5,7.0,89.0,14.6
752,79510.0,49.0,11.7,1007.2,0.8,86.0,30.1
1143,66222.0,61.0,9.7,1012.7,4.0,79.0,25.7
1166,63655.0,58.0,9.6,1014.0,0.8,77.0,25.8
419,27776.0,77.0,6.0,1020.3,147.8,61.0,12.5
460,73545.0,59.0,9.8,765.0,24.2,81.0,4.3
83,34918.0,58.0,6.1,1020.6,2.1,56.0,13.6
1316,26624.0,58.0,6.2,1012.6,22.5,64.0,12.7
1009,58720.0,82.0,7.0,989.3,122.6,45.0,19.9
557,73835.0,46.0,11.3,974.6,2.2,81.0,25.5
935,17724.0,87.0,2.7,810.5,251.4,27.0,2.1
686,84781.0,69.0,,,0.0,,24.8
127,,49.0,,,5.4,,25.7
465,88597.0,25.0,12.2,774.0,0.4,93.0,19.7
670,75519.0,58.0,,,0.0,,22.5
673,86333.0,60.0,,,0.0,,27.2
99,86670.0,61.0,11.4,1011.4,0.0,81.0,20.1
965,23483.0,78.0,4.6,928.3,51.0,48.0,5.9
1345,43061.0,72.0,5.7,925.5,67.6,48.0,9.8
555,63619.0,60.0,7.9,973.2,83.4,52.0,21.0
1189,44019.0,60.0,6.9,908.1,43.4,58.0,10.1
1071,22018.0,78.0,3.8,1011.8,143.8,37.0,12.2
1068,15777.0,80.0,3.3,1020.3,105.0,36.0,11.7
12,47374.0,75.0,7.3,1007.7,89.0,59.0,20.9
441,78645.0,43.0,11.3,771.6,1.1,92.0,13.9
878,59575.0,55.0,8.8,953.2,52.2,66.0,13.7
619,83097.0,,,,24.5,,
47,72621.0,56.0,,939.3,80.8,,17.5
187,39542.0,82.0,,,86.1,,12.7
464,92664.0,22.0,13.3,774.1,0.0,97.0,19.1
642,,61.0,,1007.2,117.6,,16.0
297,76814.0,30.0,11.7,942.6,10.8,86.0,29.6
943,72798.0,50.0,11.0,926.0,6.9,83.0,12.8
475,62687.0,48.0,10.3,912.1,10.6,77.0,12.8
770,41786.0,66.0,5.7,1004.9,143.2,47.0,15.0
606,68751.0,,,,12.7,,
1317,32887.0,67.0,6.8,1014.1,8.4,64.0,12.5
751,81333.0,54.0,11.3,1006.8,0.2,78.0,30.7
768,28215.0,55.0,6.4,1013.9,1.4,65.0,12.8
1241,58986.0,61.0,9.0,953.9,83.0,68.0,15.0
1376,,41.0,11.9,985.6,0.0,86.0,27.5
177,77211.0,79.0,,,15.5,,18.2
1072,37282.0,73.0,5.3,1002.3,102.4,44.0,12.4
286,53665.0,55.0,8.9,944.6,85.0,72.0,22.0
373,84951.0,39.0,11.5,935.5,0.3,79.0,22.8
17,17126.0,75.0,3.6,1012.9,79.2,38.0,12.6
1093,22467.0,77.0,4.5,893.5,36.8,46.0,9.8
361,88065.0,30.0,12.3,937.5,0.0,85.0,28.7
676,56244.0,71.0,,,0.0,,23.3
1240,40433.0,71.0,4.9,951.2,84.8,40.0,10.8
1122,29547.0,69.0,6.1,896.8,32.2,57.0,6.7
1389,,47.0,11.2,984.5,30.6,81.0,27.4
247,39757.0,83.0,,1015.8,271.9,,20.6
200,37938.0,66.0,8.1,976.7,3.6,76.0,8.5
111,86200.0,59.0,11.3,1012.7,5.4,80.0,21.3
843,70319.0,66.0,10.2,1013.1,9.0,74.0,28.3
581,80340.0,,10.8,975.3,27.0,72.0,23.1
849,32659.0,76.0,5.6,1020.8,34.2,52.0,13.7
24,61194.0,80.0,7.9,1010.2,18.4,57.0,20.6
397,59389.0,65.0,9.3,1017.1,7.4,77.0,16.1
817,53436.0,74.0,6.5,978.1,15.8,46.0,21.1
1162,64317.0,,7.9,1011.7,,61.0,
1304,23294.0,61.0,5.0,1014.5,11.3,51.0,13.3
681,53067.0,57.0,,,0.0,,21.3
1201,34816.0,73.0,4.0,908.9,45.8,33.0,7.5
380,29121.0,64.0,5.9,942.2,29.2,59.0,8.4
480,51383.0,65.0,8.3,913.1,98.3,67.0,17.8
930,64256.0,71.0,7.4,812.5,132.0,51.0,9.2
242,80503.0,72.0,,1014.9,14.0,,20.9
227,54250.0,71.0,7.8,968.2,64.0,58.0,14.8
1098,49670.0,60.0,7.5,893.9,18.2,63.0,9.6
1254,,56.0,8.2,1010.5,5.4,69.0,16.1
103,56577.0,65.0,8.9,1011.5,8.9,72.0,25.0
932,86803.0,40.0,12.1,816.7,3.2,82.0,18.8
76,59573.0,49.0,8.6,942.1,0.7,69.0,22.2
1086,57657.0,86.0,6.7,1012.5,38.2,44.0,19.6
317,35636.0,62.0,8.2,1011.5,39.5,76.0,10.7
776,76703.0,42.0,11.2,1007.3,0.0,82.0,30.1
95,32832.0,70.0,6.6,1020.4,21.5,66.0,14.4
483,19253.0,80.0,4.8,921.3,6.5,53.0,4.5
967,41524.0,74.0,5.4,919.7,66.8,44.0,7.6
170,22691.0,81.0,,,49.9,,16.5
84,62112.0,67.0,8.9,1015.6,1.5,75.0,15.8
1227,,72.0,6.5,960.1,28.4,61.0,10.8
879,67809.0,61.0,7.8,951.7,60.4,53.0,14.6
646,,52.0,,1007.7,1.0,,27.2
498,23557.0,76.0,4.0,915.3,31.3,38.0,5.7
783,18225.0,78.0,3.6,,257.4,39.0,7.7
209,26332.0,78.0,7.1,980.5,7.2,75.0,9.2
303,36933.0,67.0,8.2,948.4,11.8,76.0,9.6
264,28151.0,81.0,,1022.3,55.2,,14.3
543,40648.0,67.0,7.9,994.2,24.6,71.0,17.7
1358,56881.0,66.0,7.6,929.1,49.0,57.0,13.0
623,25325.0,,,,67.9,,
130,,76.0,,,93.2,,19.1
710,83926.0,67.0,,1009.3,44.6,,22.9
1265,23091.0,65.0,5.7,1015.5,20.6,59.0,12.4
893,83654.0,47.0,11.7,954.1,2.2,78.0,23.5
836,26182.0,74.0,5.3,1020.8,88.9,55.0,14.3
570,67544.0,55.0,10.0,973.7,105.1,72.0,25.0
705,32946.0,72.0,,1020.2,11.1,,11.7
1225,,83.0,5.2,962.3,68.2,53.0,9.2
1196,36775.0,68.0,6.2,916.1,47.4,55.0,14.9
1293,57144.0,51.0,9.4,1009.5,1.5,79.0,15.9
140,,43.0,,,0.0,,27.6
880,69564.0,58.0,9.1,951.8,56.6,60.0,20.1
129,,60.0,,,25.0,,23.1
527,,52.0,9.8,993.0,45.2,73.0,15.4
825,57264.0,69.0,8.1,1016.4,3.4,68.0,15.7
1191,74099.0,44.0,9.6,911.6,17.2,67.0,16.0
63,78040.0,48.0,,939.2,0.2,,27.7
672,68398.0,68.0,,,0.2,,25.0
876,25885.0,73.0,5.1,955.7,68.2,49.0,9.4
1174,,65.0,5.6,917.2,1.2,57.0,4.0
732,36366.0,81.0,,1017.7,31.2,,12.8
1094,20387.0,76.0,5.3,898.6,16.2,58.0,5.8
1115,87102.0,40.0,11.3,895.4,4.8,76.0,22.7
117,,65.0,,,177.8,,20.6
708,54643.0,74.0,,1015.1,14.8,,15.0
411,81997.0,57.0,11.3,1011.9,4.8,77.0,22.9
298,41848.0,62.0,7.3,946.0,32.8,64.0,18.8
731,27625.0,77.0,,1018.5,136.9,,12.3
912,20927.0,76.0,4.6,817.7,34.4,50.0,2.1
916,,83.0,4.4,805.2,226.4,37.0,3.1
51,56959.0,59.0,8.8,940.9,65.5,71.0,21.8
389,31103.0,64.0,6.5,938.4,47.6,64.0,11.2
862,19561.0,81.0,4.2,959.3,129.2,44.0,5.2
217,73221.0,48.0,10.3,968.5,32.6,69.0,22.6
114,74990.0,57.0,10.8,1011.6,0.0,80.0,28.8
5,29027.0,67.0,6.9,1017.9,33.2,67.0,11.1
689,55397.0,73.0,,,2.0,,23.6
636,,67.0,,1009.9,179.0,,21.6
58,35730.0,63.0,,942.8,28.9,,10.2
293,86657.0,38.0,12.1,942.5,0.2,84.0,19.4
1283,74699.0,49.0,10.0,1009.2,22.6,68.0,28.5
493,53888.0,59.0,8.7,912.5,49.0,70.0,15.0
1175,31631.0,60.0,6.6,919.6,1.0,62.0,4.3
871,26715.0,78.0,3.8,951.7,92.2,35.0,15.5
933,61991.0,40.0,9.5,817.3,10.2,69.0,20.4
990,12835.0,79.0,2.8,995.3,197.8,31.0,9.7
771,63068.0,55.0,9.1,1007.1,13.0,69.0,18.4
338,57056.0,49.0,11.4,1003.3,2.6,92.0,23.8
381,38027.0,64.0,7.0,941.3,14.3,65.0,9.7
1053,29913.0,77.0,5.6,1005.1,131.5,51.0,19.1
349,57242.0,40.0,11.1,1005.5,6.6,89.0,24.4
166,76880.0,81.0,,,3.3,,25.9
138,,52.0,,,1.4,,19.2
1308,80706.0,51.0,10.9,1006.6,3.5,76.0,20.5
639,,68.0,,1019.7,35.8,,14.4
777,58366.0,53.0,9.1,1009.7,51.4,73.0,26.3
740,33120.0,72.0,,,39.1,,
56,25405.0,73.0,,945.3,27.1,,9.2
1007,48520.0,73.0,6.1,983.6,105.4,45.0,13.9
810,24154.0,78.0,4.5,980.1,76.6,43.0,10.4
891,70266.0,61.0,8.6,952.9,65.6,58.0,16.0
929,48084.0,81.0,5.9,809.1,231.6,44.0,5.5
393,31220.0,72.0,7.2,1022.2,8.8,72.0,11.8
1349,90126.0,40.0,11.2,931.9,7.2,76.0,24.6
158,22920.0,70.0,,,1.5,,12.5
524,17495.0,85.0,3.9,998.4,42.4,41.0,6.6
727,56621.0,75.0,,1010.6,0.3,,21.0
444,40605.0,54.0,7.4,771.5,69.4,71.0,5.9
1089,53277.0,83.0,7.7,1010.5,72.0,55.0,21.1
1284,69264.0,50.0,10.5,1009.0,1.2,76.0,29.2
357,53288.0,46.0,9.0,939.1,8.3,75.0,13.1
21,65655.0,75.0,7.5,1009.0,157.8,51.0,15.3
762,80506.0,49.0,11.0,1006.3,102.2,74.0,25.5
39,42506.0,60.0,,940.2,25.9,,18.0
918,68318.0,67.0,7.9,811.1,49.2,54.0,8.8
563,18435.0,79.0,4.0,979.5,15.7,42.0,5.8
921,75598.0,42.0,10.7,816.3,68.4,77.0,20.5
1258,70246.0,58.0,8.5,1009.2,12.2,58.0,28.9
453,89722.0,20.0,12.0,773.5,0.2,92.0,20.6
910,24193.0,92.0,2.6,812.2,297.0,24.0,7.9
966,28036.0,,4.7,929.3,37.1,44.0,7.0
598,32398.0,,,,180.5,,
844,52022.0,,7.6,1013.8,18.9,61.0,24.2
1256,73611.0,50.0,9.7,1009.6,68.2,67.0,21.2
1084,26174.0,72.0,5.7,1005.6,94.8,48.0,12.3
43,30478.0,63.0,,946.0,3.8,,6.7
195,26204.0,83.0,5.3,973.3,88.6,53.0,13.0
273,27287.0,76.0,5.3,946.4,39.6,53.0,12.1
903,48729.0,70.0,6.7,811.8,52.2,56.0,4.6
1273,48706.0,60.0,7.9,1008.9,96.6,64.0,23.3
1164,87193.0,57.0,11.8,1014.8,0.0,85.0,24.0
873,16208.0,86.0,3.3,963.6,9.4,36.0,5.7
1386,,47.0,10.5,984.0,6.4,72.0,18.8
545,27524.0,70.0,7.1,992.7,41.9,72.0,11.0
171,21303.0,74.0,,,37.5,,12.0
711,80941.0,68.0,,1010.9,0.8,,19.8
738,79481.0,,,,0.3,,
950,24837.0,77.0,5.3,929.5,18.7,54.0,10.7
320,,45.0,10.3,1003.5,51.2,73.0,21.5
697,84441.0,67.0,,,0.2,,23.5
1321,78713.0,56.0,10.8,1010.2,9.7,73.0,26.7
763,84932.0,41.0,11.6,1006.5,2.2,82.0,22.1
1199,22790.0,69.0,4.5,916.1,6.2,47.0,5.1
1060,52955.0,83.0,6.9,1011.1,30.7,52.0,13.4
634,,50.0,,1008.2,0.0,,29.0
1339,31095.0,77.0,4.7,931.5,93.6,43.0,15.0
818,18475.0,74.0,,975.3,144.6,,12.0
882,74878.0,51.0,10.8,952.8,4.0,78.0,24.1
19,34676.0,76.0,4.4,1001.6,143.2,37.0,12.3
141,,44.0,,,0.0,,28.4
359,72819.0,44.0,8.9,936.0,44.9,63.0,18.3
284,81050.0,26.0,12.2,944.7,0.2,90.0,28.8
1141,87311.0,53.0,11.5,1013.6,0.0,83.0,26.5
1379,,81.0,4.7,991.4,7.6,48.0,12.5
212,24398.0,86.0,4.9,976.4,128.2,50.0,10.2
128,,40.0,,,0.0,,28.6
1373,,44.0,10.9,986.0,5.8,75.0,19.5
1078,,76.0,6.3,1010.6,27.8,57.0,17.2
675,65429.0,66.0,,,0.0,,25.8
201,55921.0,61.0,8.9,973.0,5.2,75.0,13.4
335,88091.0,34.0,13.6,1002.3,0.0,94.0,28.6
553,61351.0,52.0,9.0,974.2,24.5,67.0,14.8
388,59266.0,,9.3,938.9,0.8,75.0,23.0
1400,,46.0,11.8,985.9,28.0,79.0,26.1
40,30776.0,68.0,,941.5,4.1,,12.2
829,81689.0,70.0,10.3,1014.2,0.0,70.0,28.7
1270,74768.0,54.0,9.9,1008.2,59.0,66.0,24.5
1155,80636.0,57.0,11.1,1009.8,0.0,85.0,26.6
577,34900.0,74.0,3.8,970.7,64.6,31.0,9.7
414,81048.0,56.0,12.2,1010.6,0.0,90.0,27.2
50,82372.0,42.0,,940.6,0.0,,27.4
530,,43.0,12.8,990.9,28.8,87.0,27.7
175,47822.0,79.0,,,77.1,,13.9
1231,,44.0,10.0,954.2,32.8,67.0,23.4
191,67604.0,78.0,,,26.5,,26.7
18,23132.0,76.0,4.4,1011.9,121.8,42.0,13.3
569,77531.0,50.0,10.8,973.5,27.8,72.0,24.7
53,27340.0,73.0,,944.7,3.1,,13.3
213,41210.0,73.0,6.1,965.7,126.6,51.0,12.3
608,90489.0,,,,0.0,,
575,19171.0,77.0,3.7,976.9,31.1,39.0,6.8
734,61322.0,75.0,,1010.2,54.1,,17.0
1136,43846.0,62.0,7.3,1015.3,39.0,65.0,18.5
922,53775.0,64.0,8.0,813.5,32.8,64.0,12.4
1183,33049.0,70.0,4.9,913.8,133.4,44.0,14.6
536,27180.0,79.0,5.4,998.0,7.8,50.0,8.8
1323,66927.0,55.0,10.2,1007.5,1.0,74.0,28.6
316,,77.0,6.8,1013.3,19.3,69.0,9.3
1213,37196.0,55.0,8.0,962.9,1.4,74.0,8.1
889,43353.0,64.0,5.9,947.2,40.4,48.0,9.7
1137,70419.0,59.0,10.4,1014.4,0.2,86.0,21.5
251,32360.0,79.0,,1022.5,41.2,,15.2
30,21889.0,74.0,4.0,1012.5,146.2,38.0,13.2
314,23662.0,82.0,6.6,1013.8,19.0,69.0,9.5
1346,65044.0,61.0,8.7,932.9,23.0,65.0,12.1
487,44848.0,72.0,6.6,904.7,74.1,55.0,7.6
1366,,66.0,6.7,985.4,24.6,68.0,13.8
405,28379.0,70.0,7.4,1023.7,8.6,77.0,12.5
255,90701.0,67.0,,1014.9,0.0,,20.2
41,25237.0,70.0,,945.9,2.1,,7.7
746,32910.0,55.0,7.7,1014.9,0.8,78.0,11.7
834,25225.0,69.0,5.9,1023.7,23.3,63.0,13.8
1380,,80.0,4.8,996.1,6.0,52.0,7.9
416,46951.0,69.0,8.6,1015.0,64.8,77.0,22.5
522,18385.0,84.0,4.6,1001.8,3.1,50.0,6.8
983,54838.0,81.0,6.2,988.6,116.2,42.0,15.1
1207,56832.0,53.0,9.2,916.5,38.6,73.0,19.7
1382,,79.0,4.8,991.8,30.0,50.0,7.8
765,74285.0,53.0,10.8,1006.0,2.4,80.0,29.6
36,67263.0,77.0,9.3,1009.8,20.2,66.0,20.6
712,91582.0,63.0,,1011.1,0.0,,24.1
1222,,69.0,5.3,956.2,105.6,48.0,17.2
216,84318.0,46.0,11.8,969.3,1.6,82.0,18.5
1338,80161.0,38.0,11.3,933.5,0.0,82.0,24.7
1306,46752.0,60.0,6.6,1004.3,23.7,56.0,14.7
1151,73120.0,58.0,9.7,1011.6,3.0,76.0,22.0
560,21454.0,82.0,4.3,979.2,14.2,44.0,11.6
1059,40408.0,74.0,6.0,1009.0,34.0,50.0,13.7
1180,79311.0,45.0,11.3,914.8,24.2,77.0,25.4
1384,,61.0,6.9,980.2,49.8,58.0,13.2
1278,27644.0,70.0,5.7,1015.7,6.8,54.0,12.5
892,74420.0,50.0,9.9,955.0,3.6,65.0,22.7
645,,50.0,,1008.6,2.4,,20.9
178,70301.0,81.0,,,142.8,,21.6
758,38191.0,50.0,7.5,1012.1,8.8,70.0,15.1
1104,50440.0,65.0,7.8,896.0,109.4,63.0,18.2
1364,21910.0,78.0,3.6,932.2,57.2,36.0,8.7
180,71108.0,80.0,,,4.9,,26.8
915,23392.0,79.0,3.5,812.8,161.2,33.0,2.9
786,45560.0,62.0,6.6,975.9,16.0,55.0,13.0
1200,33848.0,63.0,6.9,917.1,3.8,65.0,7.4
977,13532.0,77.0,3.0,991.3,215.0,33.0,10.8
997,43845.0,86.0,5.5,986.3,188.9,36.0,16.8
1057,,74.0,5.9,1019.5,87.0,57.0,10.2
1402,,53.0,9.5,987.9,28.0,76.0,21.8
169,32879.0,83.0,,,125.9,,19.6
1287,42863.0,63.0,7.6,1007.6,1.6,67.0,21.5
1271,79043.0,54.0,10.6,1008.7,10.4,72.0,28.2
567,68004.0,57.0,8.1,972.7,80.5,55.0,16.5
124,,50.0,,,4.8,,18.7
252,38866.0,76.0,,1021.8,62.0,,16.2
1281,74886.0,56.0,10.0,1009.6,33.0,69.0,21.2
948,54074.0,64.0,8.5,926.0,42.5,68.0,18.5
115,61285.0,66.0,9.0,1014.0,0.1,72.0,25.6
469,21263.0,82.0,4.7,912.0,75.2,48.0,9.4
467,47802.0,49.0,8.8,770.1,47.7,81.0,8.6
1116,74217.0,47.0,10.5,895.5,78.8,76.0,23.3
696,85475.0,65.0,,,0.8,,21.6
654,,69.0,,1015.8,66.8,,14.5
1247,27370.0,69.0,6.2,957.4,34.2,62.0,11.2
1063,60476.0,84.0,7.4,1012.7,52.7,50.0,15.9
749,77213.0,54.0,10.4,1006.6,12.4,71.0,26.0
132,,79.0,,,8.8,,10.0
59,67342.0,52.0,,940.5,7.2,,14.6
168,52981.0,78.0,,,42.7,,23.7
449,83334.0,32.0,11.5,769.2,7.8,90.0,10.4
1390,,57.0,8.6,985.4,47.0,70.0,20.3
231,77891.0,31.0,11.9,969.6,4.8,87.0,28.8
1330,21378.0,82.0,4.3,937.4,29.2,44.0,4.4
9,67183.0,79.0,9.0,1008.4,71.8,58.0,20.0
1169,39324.0,64.0,6.8,1014.3,20.6,63.0,22.2
504,67275.0,,11.0,913.8,6.9,79.0,22.3
282,,25.0,13.2,944.0,1.0,91.0,29.4
998,,84.0,5.9,987.1,57.1,40.0,19.4
1233,78068.0,29.0,11.9,954.2,15.4,87.0,29.6
981,38262.0,69.0,5.1,985.8,73.7,42.0,13.0
1327,20488.0,85.0,3.8,932.9,69.6,38.0,10.3
695,77521.0,,,,,,
385,76126.0,30.0,11.2,939.0,5.7,76.0,26.6
1214,25568.0,72.0,5.7,962.3,9.6,59.0,6.8
292,42192.0,70.0,5.8,939.6,130.0,49.0,11.8
167,66912.0,79.0,,,87.8,,26.0
526,47790.0,65.0,8.1,987.3,46.6,68.0,12.8
713,80932.0,59.0,,1010.4,0.0,,25.7
1391,,61.0,7.9,987.7,13.8,71.0,17.8
1324,52398.0,61.0,8.5,1009.9,133.2,68.0,24.7
614,21734.0,,,,64.7,,
1073,53338.0,71.0,7.4,1011.4,34.2,55.0,13.8
544,55975.0,57.0,9.4,994.4,21.4,75.0,22.2
1343,29037.0,79.0,5.5,934.7,45.8,52.0,8.4
163,,,,,,,
448,72316.0,52.0,9.2,767.1,52.2,76.0,5.9
1102,83425.0,47.0,11.0,896.0,11.2,74.0,22.2
1319,57786.0,62.0,8.4,1007.0,12.2,63.0,17.2
735,80939.0,69.0,,1011.7,8.2,,18.8
516,72517.0,50.0,11.7,991.7,16.6,79.0,27.5
207,82722.0,30.0,12.6,970.5,0.0,92.0,28.1
677,42277.0,61.0,,,0.6,,23.3
159,31315.0,,,,,,
837,33272.0,72.0,5.6,1017.4,51.0,53.0,14.6
1132,41311.0,61.0,7.4,1015.1,21.8,69.0,23.2
219,81861.0,31.0,12.6,968.2,0.0,92.0,28.9
984,53968.0,83.0,5.8,985.8,154.2,38.0,19.6
311,26748.0,72.0,6.2,945.4,59.6,61.0,10.2
326,27077.0,81.0,6.7,1009.5,23.1,66.0,15.4
1279,36465.0,71.0,4.7,1007.1,93.2,39.0,13.6
446,50896.0,37.0,9.0,771.5,0.1,85.0,8.6
136,,76.0,,,106.8,,13.6
226,43218.0,76.0,5.6,965.0,152.6,46.0,11.2
931,79206.0,48.0,10.6,818.3,34.0,70.0,18.3
274,40787.0,59.0,6.7,944.0,65.8,59.0,18.6
1335,75867.0,55.0,8.7,931.0,45.4,57.0,21.4
428,31232.0,71.0,7.5,1016.0,104.4,74.0,15.2
951,19877.0,84.0,4.4,935.0,5.9,48.0,4.1
244,89343.0,73.0,,1015.0,0.0,,25.6
714,37451.0,84.0,,1011.8,116.5,,19.1
1,16599.0,80.0,3.0,1008.9,215.4,31.0,14.8
125,,48.0,,,32.2,,20.8
778,41217.0,68.0,7.2,1010.2,31.4,64.0,22.1
1099,68560.0,47.0,9.8,893.8,22.2,74.0,12.5
1267,45515.0,61.0,7.1,1005.0,27.8,59.0,15.0
491,88190.0,44.0,12.8,913.0,11.8,86.0,21.1
739,64203.0,,,,0.3,,22.2
1286,27371.0,63.0,6.6,1010.2,24.9,67.0,14.4
353,26444.0,68.0,5.8,943.4,17.5,61.0,8.4
722,91021.0,67.0,,1010.7,0.0,,17.8
790,57356.0,76.0,5.4,979.2,10.4,36.0,20.0
1123,34513.0,78.0,3.9,888.8,170.6,32.0,5.7
699,76610.0,69.0,,,3.2,,26.3
704,28317.0,79.0,,1019.8,14.3,,12.6
1371,,48.0,8.8,986.1,1.4,74.0,14.7
1401,,45.0,10.9,985.3,17.2,78.0,27.2
887,16801.0,83.0,3.4,955.1,140.0,36.0,6.7
719,37747.0,77.0,,1017.7,,,14.5
1167,89698.0,57.0,12.0,1012.9,0.0,87.0,25.7
620,91590.0,,,,9.3,,
759,51400.0,49.0,7.7,1004.9,19.2,64.0,16.5
643,,61.0,,1015.6,18.2,,15.8
584,20656.0,73.0,4.1,974.2,72.0,42.0,10.6
1219,93497.0,27.0,13.1,955.7,0.0,89.0,29.0
602,22843.0,,,,53.4,,
833,27422.0,74.0,5.7,1020.0,107.9,58.0,18.8
1301,24756.0,75.0,5.4,1013.7,33.6,55.0,16.8
540,79737.0,54.0,11.2,991.8,44.6,77.0,19.3
107,32511.0,60.0,6.7,1018.9,1.3,67.0,14.2
1176,49237.0,49.0,8.8,913.9,3.2,73.0,10.4
628,,62.0,,1018.2,3.2,,13.4
827,66740.0,63.0,7.6,1014.8,43.5,53.0,20.1
961,58222.0,58.0,9.5,925.6,10.6,76.0,16.4
993,18192.0,77.0,3.0,987.3,156.3,29.0,11.1
1195,54191.0,59.0,8.5,913.7,36.2,69.0,17.8
230,81579.0,37.0,11.5,971.7,10.0,77.0,26.3
437,89594.0,44.0,11.2,769.7,1.6,83.0,9.3
884,35011.0,64.0,6.3,954.4,78.6,57.0,15.8
970,78498.0,49.0,10.5,928.0,14.8,70.0,22.0
442,,44.0,9.7,771.7,11.9,84.0,12.3
854,79128.0,67.0,,1014.4,14.7,,28.3
1394,,72.0,4.6,989.4,10.0,49.0,7.7
1184,,78.0,4.7,,24.4,48.0,10.5
715,59458.0,75.0,,1011.1,19.6,,21.9
682,67050.0,62.0,,,6.8,,20.5
1109,21238.0,79.0,4.8,897.6,68.6,50.0,5.9
809,19927.0,69.0,4.1,977.2,89.8,44.0,9.7
761,66744.0,46.0,9.5,1009.6,8.0,72.0,18.7
110,68956.0,58.0,9.6,1011.4,11.5,73.0,18.7
896,16919.0,82.0,2.6,952.6,76.0,26.0,9.3
452,,16.0,12.7,774.1,0.0,92.0,20.5
559,26524.0,82.0,4.1,973.7,112.7,37.0,15.5
1232,94391.0,25.0,12.6,954.9,0.0,86.0,29.0
1216,,34.0,11.6,955.9,3.2,87.0,18.2
1074,58343.0,84.0,6.3,1010.1,53.6,41.0,17.5
868,86340.0,49.0,12.0,954.1,1.8,80.0,22.0
224,24274.0,80.0,4.9,975.2,110.6,50.0,9.7
150,,57.0,,,30.8,,19.7
1210,,78.0,6.0,958.0,43.4,60.0,12.5
45,59371.0,51.0,,941.4,4.7,,13.1
1172,,66.0,5.3,918.6,11.0,57.0,5.9
256,82923.0,70.0,,1014.1,4.8,,22.8
422,84048.0,57.0,11.8,1013.5,2.6,83.0,20.6
321,70964.0,43.0,12.5,1002.1,30.0,85.0,26.4
466,76929.0,34.0,11.5,773.5,5.8,93.0,15.1
436,88475.0,34.0,12.2,768.5,1.0,95.0,10.1
660,,48.0,,1008.1,0.0,,28.2
1249,27203.0,58.0,6.5,1008.9,6.8,66.0,16.5
721,45203.0,77.0,,1008.4,142.8,,15.0
580,77430.0,56.0,10.3,976.0,60.6,68.0,23.6
72,72892.0,52.0,,939.7,28.0,,18.3
15,,76.0,3.9,1020.1,38.6,44.0,12.4
1224,25335.0,72.0,,966.0,1.6,,7.9
548,18437.0,80.0,4.3,980.5,15.3,47.0,5.7
423,62113.0,70.0,8.7,1011.7,71.6,66.0,17.4
208,33564.0,76.0,5.0,970.3,122.2,45.0,17.5
851,77669.0,67.0,,1015.0,41.3,,20.9
241,75846.0,63.0,,1015.0,2.0,,19.8
881,84091.0,50.0,11.5,952.9,17.6,77.0,23.3
1239,36770.0,67.0,7.7,960.7,10.2,72.0,10.0
979,13457.0,78.0,2.9,991.6,226.0,31.0,7.9
375,80979.0,34.0,11.9,935.9,3.7,88.0,28.2
801,57491.0,78.0,5.7,976.3,58.4,39.0,14.1
329,25262.0,81.0,6.5,1012.4,65.2,65.0,11.2
1171,,62.0,6.2,913.7,11.0,62.0,10.3
507,27053.0,71.0,6.9,991.7,9.5,70.0,12.3
908,83514.0,39.0,11.8,817.4,0.0,86.0,19.5
299,56842.0,42.0,9.4,943.4,15.2,75.0,22.0
1148,40456.0,60.0,7.4,1015.4,0.8,71.0,21.1
225,33006.0,77.0,6.7,975.2,36.4,62.0,10.8
179,81853.0,81.0,,,12.7,,25.3
813,52479.0,80.0,5.4,977.9,100.6,37.0,14.6
447,58938.0,,9.8,773.0,5.0,88.0,9.3
782,16842.0,77.0,,983.0,74.8,,9.4
1297,78903.0,65.0,10.3,1007.5,30.4,71.0,28.2
630,,63.0,,1013.6,57.4,,13.0
1177,66017.0,39.0,10.3,912.8,13.8,78.0,13.9
1181,74461.0,40.0,11.3,915.2,0.2,82.0,24.7
1269,74157.0,50.0,9.4,1008.1,30.2,65.0,21.0
229,89824.0,32.0,13.0,969.8,0.0,89.0,27.4
38,15719.0,78.0,2.7,1007.7,182.2,27.0,14.0
864,43208.0,60.0,6.5,953.2,41.8,54.0,11.4
566,60543.0,56.0,8.5,975.4,14.7,63.0,13.4
1385,,49.0,9.6,986.8,9.4,71.0,15.4
101,88684.0,65.0,11.9,1011.1,0.0,83.0,27.2
999,,83.0,6.1,987.2,95.7,44.0,20.2
629,,49.0,,1009.5,0.0,,19.5
865,62983.0,50.0,9.2,953.1,16.2,69.0,15.0
269,87532.0,71.0,,1013.6,0.0,,25.5
14,20581.0,74.0,4.8,1011.8,145.4,49.0,16.4
351,43687.0,53.0,6.8,937.4,37.3,60.0,18.6
669,69895.0,63.0,,,0.0,,21.8
431,44000.0,,8.6,771.8,4.0,82.0,8.3
186,,85.0,,,40.8,,12.0
936,36474.0,68.0,6.3,924.0,71.6,56.0,15.5
22,61636.0,78.0,6.7,1009.6,40.2,44.0,17.4
720,28862.0,,,1018.4,40.0,,13.6
1325,29867.0,58.0,7.6,1009.3,5.0,76.0,14.9
927,27834.0,80.0,4.6,813.3,60.2,43.0,2.7
627,,58.0,,1012.6,7.0,,18.1
1370,,62.0,7.8,994.8,8.2,74.0,7.5
764,88216.0,47.0,12.6,1006.4,0.0,87.0,29.7
1105,29361.0,80.0,4.2,894.1,131.6,37.0,12.9
210,26860.0,82.0,5.7,974.7,16.4,57.0,14.3
1126,77970.0,49.0,10.2,898.0,59.2,67.0,21.8
779,34615.0,54.0,7.8,1010.1,2.6,77.0,15.7
568,64929.0,57.0,8.0,973.0,48.1,53.0,20.7
1245,71757.0,27.0,11.3,955.5,8.2,82.0,29.4
528,80799.0,50.0,11.4,990.4,30.2,79.0,18.9
954,27994.0,78.0,5.5,928.3,21.9,51.0,7.6
832,40511.0,70.0,6.8,1014.9,103.6,61.0,22.2
281,72426.0,42.0,9.4,943.3,45.4,66.0,19.1
23,72579.0,77.0,8.8,1009.9,32.4,59.0,19.8
512,21549.0,77.0,5.6,997.5,20.2,59.0,5.3
1359,67648.0,61.0,8.5,932.2,67.6,58.0,15.7
308,89412.0,30.0,13.0,943.9,0.4,89.0,28.7
1103,79070.0,39.0,11.4,896.6,4.6,83.0,23.1
429,63092.0,39.0,10.0,772.2,25.2,87.0,13.8
897,32542.0,75.0,5.0,812.5,291.0,44.0,10.7
383,,55.0,8.7,935.1,24.9,66.0,14.9
857,27631.0,70.0,5.6,1015.3,58.4,55.0,16.9
146,,81.0,,,101.4,,10.4
971,88440.0,48.0,13.2,926.7,4.0,90.0,22.0
1291,31885.0,63.0,6.3,1017.5,28.4,58.0,9.6
97,50961.0,62.0,7.0,1010.0,24.1,59.0,16.8
368,,68.0,5.6,943.4,34.3,56.0,10.2
519,68103.0,44.0,12.0,991.6,1.3,87.0,27.5
135,,80.0,,,46.2,,12.6
1203,71644.0,54.0,9.2,913.8,37.4,64.0,15.4
1259,73007.0,51.0,10.8,1009.1,17.8,78.0,29.0
1298,70378.0,56.0,11.3,1007.6,15.6,82.0,28.1
958,78034.0,54.0,10.3,924.4,52.5,69.0,18.8
1294,71578.0,52.0,10.6,1007.9,0.6,81.0,17.5
